image_id,label
test_1000a,candy
test_1000b,candy
test_1000c,candy
test_1000d,candy
test_1001a,candy
test_1001b,candy
test_1001c,candy
test_1001d,candy
test_1002a,candy
test_1002b,candy
test_1002c,candy
test_1002d,candy
test_1003a,candy
test_1003b,candy
test_1003c,candy
test_1003d,candy
test_1004a,candy
test_1004b,candy
test_1004c,candy
test_1004d,candy
test_1005a,candy
test_1005b,candy
test_1005c,candy
test_1005d,candy
test_1006a,candy
test_1006b,candy
test_1006c,candy
test_1006d,candy
test_1007a,candy
test_1007b,candy
test_1007c,candy
test_1007d,candy
test_1008a,candy
test_1008b,candy
test_1008c,candy
test_1008d,candy
test_1009a,candy
test_1009b,candy
test_1009c,candy
test_1009d,candy
test_1010a,candy
test_1010b,candy
test_1010c,candy
test_1010d,candy
test_1011a,candy
test_1011b,candy
test_1011c,candy
test_1011d,candy
test_1012a,candy
test_1012b,candy
test_1012c,candy
test_1012d,candy
test_1013a,candy
test_1013b,candy
test_1013c,candy
test_1013d,candy
test_1014a,candy
test_1014b,candy
test_1014c,candy
test_1014d,candy
test_1015a,candy
test_1015b,candy
test_1015c,candy
test_1015d,candy
test_1016a,candy
test_1016b,candy
test_1016c,candy
test_1016d,candy
test_1017a,candy
test_1017b,candy
test_1017c,candy
test_1017d,candy
test_1018a,candy
test_1018b,candy
test_1018c,candy
test_1018d,candy
test_1019a,candy
test_1019b,candy
test_1019c,candy
test_1019d,candy
test_1020a,candy
test_1020b,candy
test_1020c,candy
test_1020d,candy
test_1021a,candy
test_1021b,candy
test_1021c,candy
test_1021d,candy
test_1022a,candy
test_1022b,candy
test_1022c,candy
test_1022d,candy
test_1023a,candy
test_1023b,candy
test_1023c,candy
test_1023d,candy
test_1024a,candy
test_1024b,candy
test_1024c,candy
test_1024d,candy
test_1025a,candy
test_1025b,candy
test_1025c,candy
test_1025d,candy
test_1026a,candy
test_1026b,candy
test_1026c,candy
test_1026d,candy
test_1027a,candy
test_1027b,candy
test_1027c,candy
test_1027d,candy
test_1028a,candy
test_1028b,candy
test_1028c,candy
test_1028d,candy
test_1029a,candy
test_1029b,candy
test_1029c,candy
test_1029d,candy
test_1030a,candy
test_1030b,candy
test_1030c,candy
test_1030d,candy
test_1031a,candy
test_1031b,candy
test_1031c,candy
test_1031d,candy
test_1032a,candy
test_1032b,candy
test_1032c,candy
test_1032d,candy
test_1033a,candy
test_1033b,candy
test_1033c,candy
test_1033d,candy
test_1034a,candy
test_1034b,candy
test_1034c,candy
test_1034d,candy
test_1035a,candy
test_1035b,candy
test_1035c,candy
test_1035d,candy
test_1036a,candy
test_1036b,candy
test_1036c,candy
test_1036d,candy
test_1037a,candy
test_1037b,candy
test_1037c,candy
test_1037d,candy
test_1038a,candy
test_1038b,candy
test_1038c,candy
test_1038d,candy
test_1039a,candy
test_1039b,candy
test_1039c,candy
test_1039d,candy
test_1040a,candy
test_1040b,candy
test_1040c,candy
test_1040d,candy
test_1041a,candy
test_1041b,candy
test_1041c,candy
test_1041d,candy
test_1042a,candy
test_1042b,candy
test_1042c,candy
test_1042d,candy
test_1043a,candy
test_1043b,candy
test_1043c,candy
test_1043d,candy
test_1044a,candy
test_1044b,candy
test_1044c,candy
test_1044d,candy
test_1045a,candy
test_1045b,candy
test_1045c,candy
test_1045d,candy
test_1046a,candy
test_1046b,candy
test_1046c,candy
test_1046d,candy
test_1047a,candy
test_1047b,candy
test_1047c,candy
test_1047d,candy
test_1048a,candy
test_1048b,candy
test_1048c,candy
test_1048d,candy
test_1049a,candy
test_1049b,candy
test_1049c,candy
test_1049d,candy
test_1050a,candy
test_1050b,candy
test_1050c,candy
test_1050d,candy
test_1051a,candy
test_1051b,candy
test_1051c,candy
test_1051d,candy
test_1052a,candy
test_1052b,candy
test_1052c,candy
test_1052d,candy
test_1053a,candy
test_1053b,candy
test_1053c,candy
test_1053d,candy
test_1054a,candy
test_1054b,candy
test_1054c,candy
test_1054d,candy
test_1055a,candy
test_1055b,candy
test_1055c,candy
test_1055d,candy
test_1056a,candy
test_1056b,candy
test_1056c,candy
test_1056d,candy
test_1057a,candy
test_1057b,candy
test_1057c,candy
test_1057d,candy
test_1058a,candy
test_1058b,candy
test_1058c,candy
test_1058d,candy
test_1059a,candy
test_1059b,candy
test_1059c,candy
test_1059d,candy
test_1060a,candy
test_1060b,candy
test_1060c,candy
test_1060d,candy
test_1061a,candy
test_1061b,candy
test_1061c,candy
test_1061d,candy
test_1062a,candy
test_1062b,candy
test_1062c,candy
test_1062d,candy
test_1063a,candy
test_1063b,candy
test_1063c,candy
test_1063d,candy
test_1064a,candy
test_1064b,candy
test_1064c,candy
test_1064d,candy
test_1065a,candy
test_1065b,candy
test_1065c,candy
test_1065d,candy
test_1066a,candy
test_1066b,candy
test_1066c,candy
test_1066d,candy
test_1067a,candy
test_1067b,candy
test_1067c,candy
test_1067d,candy
test_1068a,candy
test_1068b,candy
test_1068c,candy
test_1068d,candy
test_1069a,candy
test_1069b,candy
test_1069c,candy
test_1069d,candy
test_1070a,candy
test_1070b,candy
test_1070c,candy
test_1070d,candy
test_1071a,candy
test_1071b,candy
test_1071c,candy
test_1071d,candy
test_1072a,candy
test_1072b,candy
test_1072c,candy
test_1072d,candy
test_1073a,candy
test_1073b,candy
test_1073c,candy
test_1073d,candy
test_1074a,candy
test_1074b,candy
test_1074c,candy
test_1074d,candy
test_1075a,candy
test_1075b,candy
test_1075c,candy
test_1075d,candy
test_1076a,candy
test_1076b,candy
test_1076c,candy
test_1076d,candy
test_1077a,candy
test_1077b,candy
test_1077c,candy
test_1077d,candy
test_1078a,candy
test_1078b,candy
test_1078c,candy
test_1078d,candy
test_1079a,candy
test_1079b,candy
test_1079c,candy
test_1079d,candy
test_1080a,candy
test_1080b,candy
test_1080c,candy
test_1080d,candy
test_1081a,candy
test_1081b,candy
test_1081c,candy
test_1081d,candy
test_1082a,candy
test_1082b,candy
test_1082c,candy
test_1082d,candy
test_1083a,candy
test_1083b,candy
test_1083c,candy
test_1083d,candy
test_1084a,candy
test_1084b,candy
test_1084c,candy
test_1084d,candy
test_1085a,candy
test_1085b,candy
test_1085c,candy
test_1085d,candy
test_1086a,candy
test_1086b,candy
test_1086c,candy
test_1086d,candy
test_1087a,candy
test_1087b,candy
test_1087c,candy
test_1087d,candy
test_1088a,candy
test_1088b,candy
test_1088c,candy
test_1088d,candy
test_1089a,candy
test_1089b,candy
test_1089c,candy
test_1089d,candy
test_1090a,candy
test_1090b,candy
test_1090c,candy
test_1090d,candy
test_1091a,candy
test_1091b,candy
test_1091c,candy
test_1091d,candy
test_1092a,candy
test_1092b,candy
test_1092c,candy
test_1092d,candy
test_1093a,candy
test_1093b,candy
test_1093c,candy
test_1093d,candy
test_1094a,candy
test_1094b,candy
test_1094c,candy
test_1094d,candy
test_1095a,candy
test_1095b,candy
test_1095c,candy
test_1095d,candy
test_1096a,candy
test_1096b,candy
test_1096c,candy
test_1096d,candy
test_1097a,candy
test_1097b,candy
test_1097c,candy
test_1097d,candy
test_1098a,candy
test_1098b,candy
test_1098c,candy
test_1098d,candy
test_1099a,candy
test_1099b,candy
test_1099c,candy
test_1099d,candy
test_1100a,candy
test_1100b,candy
test_1100c,candy
test_1100d,candy
test_1101a,candy
test_1101b,candy
test_1101c,candy
test_1101d,candy
test_1102a,candy
test_1102b,candy
test_1102c,candy
test_1102d,candy
test_1103a,candy
test_1103b,candy
test_1103c,candy
test_1103d,candy
test_1104a,candy
test_1104b,candy
test_1104c,candy
test_1104d,candy
test_1105a,candy
test_1105b,candy
test_1105c,candy
test_1105d,candy
test_1106a,candy
test_1106b,candy
test_1106c,candy
test_1106d,candy
test_1107a,candy
test_1107b,candy
test_1107c,candy
test_1107d,candy
test_1108a,candy
test_1108b,candy
test_1108c,candy
test_1108d,candy
test_1109a,candy
test_1109b,candy
test_1109c,candy
test_1109d,candy
test_1110a,candy
test_1110b,candy
test_1110c,candy
test_1110d,candy
test_1111a,candy
test_1111b,candy
test_1111c,candy
test_1111d,candy
test_1112a,candy
test_1112b,candy
test_1112c,candy
test_1112d,candy
test_1113a,candy
test_1113b,candy
test_1113c,candy
test_1113d,candy
test_1114a,candy
test_1114b,candy
test_1114c,candy
test_1114d,candy
test_1115a,candy
test_1115b,candy
test_1115c,candy
test_1115d,candy
test_1116a,candy
test_1116b,candy
test_1116c,candy
test_1116d,candy
test_1117a,candy
test_1117b,candy
test_1117c,candy
test_1117d,candy
test_1118a,candy
test_1118b,candy
test_1118c,candy
test_1118d,candy
test_1119a,candy
test_1119b,candy
test_1119c,candy
test_1119d,candy
test_1120a,candy
test_1120b,candy
test_1120c,candy
test_1120d,candy
test_1121a,candy
test_1121b,candy
test_1121c,candy
test_1121d,candy
test_1122a,candy
test_1122b,candy
test_1122c,candy
test_1122d,candy
test_1123a,candy
test_1123b,candy
test_1123c,candy
test_1123d,candy
test_1124a,candy
test_1124b,candy
test_1124c,candy
test_1124d,candy
test_1125a,candy
test_1125b,candy
test_1125c,candy
test_1125d,candy
test_1126a,candy
test_1126b,candy
test_1126c,candy
test_1126d,candy
test_1127a,candy
test_1127b,candy
test_1127c,candy
test_1127d,candy
test_1128a,candy
test_1128b,candy
test_1128c,candy
test_1128d,candy
test_1129a,candy
test_1129b,candy
test_1129c,candy
test_1129d,candy
test_1130a,candy
test_1130b,candy
test_1130c,candy
test_1130d,candy
test_1131a,candy
test_1131b,candy
test_1131c,candy
test_1131d,candy
test_1132a,candy
test_1132b,candy
test_1132c,candy
test_1132d,candy
test_1133a,candy
test_1133b,candy
test_1133c,candy
test_1133d,candy
test_1134a,candy
test_1134b,candy
test_1134c,candy
test_1134d,candy
test_1135a,candy
test_1135b,candy
test_1135c,candy
test_1135d,candy
test_1136a,candy
test_1136b,candy
test_1136c,candy
test_1136d,candy
test_1137a,candy
test_1137b,candy
test_1137c,candy
test_1137d,candy
test_1138a,candy
test_1138b,candy
test_1138c,candy
test_1138d,candy
test_1139a,candy
test_1139b,candy
test_1139c,candy
test_1139d,candy
test_1140a,candy
test_1140b,candy
test_1140c,candy
test_1140d,candy
test_1141a,candy
test_1141b,candy
test_1141c,candy
test_1141d,candy
test_1142a,candy
test_1142b,candy
test_1142c,candy
test_1142d,candy
test_1143a,candy
test_1143b,candy
test_1143c,candy
test_1143d,candy
test_1144a,candy
test_1144b,candy
test_1144c,candy
test_1144d,candy
test_1145a,candy
test_1145b,candy
test_1145c,candy
test_1145d,candy
test_1146a,candy
test_1146b,candy
test_1146c,candy
test_1146d,candy
test_1147a,candy
test_1147b,candy
test_1147c,candy
test_1147d,candy
test_1148a,candy
test_1148b,candy
test_1148c,candy
test_1148d,candy
test_1149a,candy
test_1149b,candy
test_1149c,candy
test_1149d,candy
test_1150a,candy
test_1150b,candy
test_1150c,candy
test_1150d,candy
test_1151a,candy
test_1151b,candy
test_1151c,candy
test_1151d,candy
test_1152a,candy
test_1152b,candy
test_1152c,candy
test_1152d,candy
test_1153a,candy
test_1153b,candy
test_1153c,candy
test_1153d,candy
test_1154a,candy
test_1154b,candy
test_1154c,candy
test_1154d,candy
test_1155a,candy
test_1155b,candy
test_1155c,candy
test_1155d,candy
test_1156a,candy
test_1156b,candy
test_1156c,candy
test_1156d,candy
test_1157a,candy
test_1157b,candy
test_1157c,candy
test_1157d,candy
test_1158a,candy
test_1158b,candy
test_1158c,candy
test_1158d,candy
test_1159a,candy
test_1159b,candy
test_1159c,candy
test_1159d,candy
test_1160a,candy
test_1160b,candy
test_1160c,candy
test_1160d,candy
test_1161a,candy
test_1161b,candy
test_1161c,candy
test_1161d,candy
test_1162a,candy
test_1162b,candy
test_1162c,candy
test_1162d,candy
test_1163a,candy
test_1163b,candy
test_1163c,candy
test_1163d,candy
test_1164a,candy
test_1164b,candy
test_1164c,candy
test_1164d,candy
test_1165a,candy
test_1165b,candy
test_1165c,candy
test_1165d,candy
test_1166a,candy
test_1166b,candy
test_1166c,candy
test_1166d,candy
test_1167a,candy
test_1167b,candy
test_1167c,candy
test_1167d,candy
test_1168a,candy
test_1168b,candy
test_1168c,candy
test_1168d,candy
test_1169a,candy
test_1169b,candy
test_1169c,candy
test_1169d,candy
test_1170a,candy
test_1170b,candy
test_1170c,candy
test_1170d,candy
test_1171a,candy
test_1171b,candy
test_1171c,candy
test_1171d,candy
test_1172a,candy
test_1172b,candy
test_1172c,candy
test_1172d,candy
test_1173a,candy
test_1173b,candy
test_1173c,candy
test_1173d,candy
test_1174a,candy
test_1174b,candy
test_1174c,candy
test_1174d,candy
test_1175a,candy
test_1175b,candy
test_1175c,candy
test_1175d,candy
test_1176a,candy
test_1176b,candy
test_1176c,candy
test_1176d,candy
test_1177a,candy
test_1177b,candy
test_1177c,candy
test_1177d,candy
test_1178a,candy
test_1178b,candy
test_1178c,candy
test_1178d,candy
test_1179a,candy
test_1179b,candy
test_1179c,candy
test_1179d,candy
test_1180a,candy
test_1180b,candy
test_1180c,candy
test_1180d,candy
test_1181a,candy
test_1181b,candy
test_1181c,candy
test_1181d,candy
test_1182a,candy
test_1182b,candy
test_1182c,candy
test_1182d,candy
test_1183a,candy
test_1183b,candy
test_1183c,candy
test_1183d,candy
test_1184a,candy
test_1184b,candy
test_1184c,candy
test_1184d,candy
test_1185a,candy
test_1185b,candy
test_1185c,candy
test_1185d,candy
test_1186a,candy
test_1186b,candy
test_1186c,candy
test_1186d,candy
test_1187a,candy
test_1187b,candy
test_1187c,candy
test_1187d,candy
test_1188a,candy
test_1188b,candy
test_1188c,candy
test_1188d,candy
test_1189a,candy
test_1189b,candy
test_1189c,candy
test_1189d,candy
test_1190a,candy
test_1190b,candy
test_1190c,candy
test_1190d,candy
test_1191a,candy
test_1191b,candy
test_1191c,candy
test_1191d,candy
test_1192a,candy
test_1192b,candy
test_1192c,candy
test_1192d,candy
test_1193a,candy
test_1193b,candy
test_1193c,candy
test_1193d,candy
test_1194a,candy
test_1194b,candy
test_1194c,candy
test_1194d,candy
test_1195a,candy
test_1195b,candy
test_1195c,candy
test_1195d,candy
test_1196a,candy
test_1196b,candy
test_1196c,candy
test_1196d,candy
test_1197a,candy
test_1197b,candy
test_1197c,candy
test_1197d,candy
test_1198a,candy
test_1198b,candy
test_1198c,candy
test_1198d,candy
test_1199a,candy
test_1199b,candy
test_1199c,candy
test_1199d,candy
test_1200a,candy
test_1200b,candy
test_1200c,candy
test_1200d,candy
test_1201a,candy
test_1201b,candy
test_1201c,candy
test_1201d,candy
test_1202a,candy
test_1202b,candy
test_1202c,candy
test_1202d,candy
test_1203a,candy
test_1203b,candy
test_1203c,candy
test_1203d,candy
test_1204a,candy
test_1204b,candy
test_1204c,candy
test_1204d,candy
test_1205a,candy
test_1205b,candy
test_1205c,candy
test_1205d,candy
test_1206a,candy
test_1206b,candy
test_1206c,candy
test_1206d,candy
test_1207a,candy
test_1207b,candy
test_1207c,candy
test_1207d,candy
test_1208a,candy
test_1208b,candy
test_1208c,candy
test_1208d,candy
test_1209a,candy
test_1209b,candy
test_1209c,candy
test_1209d,candy
test_1210a,candy
test_1210b,candy
test_1210c,candy
test_1210d,candy
test_1211a,candy
test_1211b,candy
test_1211c,candy
test_1211d,candy
test_1212a,candy
test_1212b,candy
test_1212c,candy
test_1212d,candy
test_1213a,candy
test_1213b,candy
test_1213c,candy
test_1213d,candy
test_1214a,candy
test_1214b,candy
test_1214c,candy
test_1214d,candy
test_1215a,candy
test_1215b,candy
test_1215c,candy
test_1215d,candy
test_1216a,candy
test_1216b,candy
test_1216c,candy
test_1216d,candy
test_1217a,candy
test_1217b,candy
test_1217c,candy
test_1217d,candy
test_1218a,candy
test_1218b,candy
test_1218c,candy
test_1218d,candy
test_1219a,candy
test_1219b,candy
test_1219c,candy
test_1219d,candy
test_1220a,candy
test_1220b,candy
test_1220c,candy
test_1220d,candy
test_1221a,candy
test_1221b,candy
test_1221c,candy
test_1221d,candy
test_1222a,candy
test_1222b,candy
test_1222c,candy
test_1222d,candy
test_1223a,candy
test_1223b,candy
test_1223c,candy
test_1223d,candy
test_1224a,candy
test_1224b,candy
test_1224c,candy
test_1224d,candy
test_1225a,candy
test_1225b,candy
test_1225c,candy
test_1225d,candy
test_1226a,candy
test_1226b,candy
test_1226c,candy
test_1226d,candy
test_1227a,candy
test_1227b,candy
test_1227c,candy
test_1227d,candy
test_1228a,candy
test_1228b,candy
test_1228c,candy
test_1228d,candy
test_1229a,candy
test_1229b,candy
test_1229c,candy
test_1229d,candy
test_1230a,candy
test_1230b,candy
test_1230c,candy
test_1230d,candy
test_1231a,candy
test_1231b,candy
test_1231c,candy
test_1231d,candy
test_1232a,candy
test_1232b,candy
test_1232c,candy
test_1232d,candy
test_1233a,candy
test_1233b,candy
test_1233c,candy
test_1233d,candy
test_1234a,candy
test_1234b,candy
test_1234c,candy
test_1234d,candy
test_1235a,candy
test_1235b,candy
test_1235c,candy
test_1235d,candy
test_1236a,candy
test_1236b,candy
test_1236c,candy
test_1236d,candy
test_1237a,candy
test_1237b,candy
test_1237c,candy
test_1237d,candy
test_1238a,candy
test_1238b,candy
test_1238c,candy
test_1238d,candy
test_1239a,candy
test_1239b,candy
test_1239c,candy
test_1239d,candy
test_1240a,candy
test_1240b,candy
test_1240c,candy
test_1240d,candy
test_1241a,candy
test_1241b,candy
test_1241c,candy
test_1241d,candy
test_1242a,candy
test_1242b,candy
test_1242c,candy
test_1242d,candy
test_1243a,candy
test_1243b,candy
test_1243c,candy
test_1243d,candy
test_1244a,candy
test_1244b,candy
test_1244c,candy
test_1244d,candy
test_1245a,candy
test_1245b,candy
test_1245c,candy
test_1245d,candy
test_1246a,candy
test_1246b,candy
test_1246c,candy
test_1246d,candy
test_1247a,candy
test_1247b,candy
test_1247c,candy
test_1247d,candy
test_1248a,candy
test_1248b,candy
test_1248c,candy
test_1248d,candy
test_1249a,candy
test_1249b,candy
test_1249c,candy
test_1249d,candy
test_1250a,candy
test_1250b,candy
test_1250c,candy
test_1250d,candy
test_1251a,candy
test_1251b,candy
test_1251c,candy
test_1251d,candy
test_1252a,candy
test_1252b,candy
test_1252c,candy
test_1252d,candy
test_1253a,candy
test_1253b,candy
test_1253c,candy
test_1253d,candy
test_1254a,candy
test_1254b,candy
test_1254c,candy
test_1254d,candy
test_1255a,candy
test_1255b,candy
test_1255c,candy
test_1255d,candy
test_1256a,candy
test_1256b,candy
test_1256c,candy
test_1256d,candy
test_1257a,candy
test_1257b,candy
test_1257c,candy
test_1257d,candy
test_1258a,candy
test_1258b,candy
test_1258c,candy
test_1258d,candy
test_1259a,candy
test_1259b,candy
test_1259c,candy
test_1259d,candy
test_1260a,candy
test_1260b,candy
test_1260c,candy
test_1260d,candy
test_1261a,candy
test_1261b,candy
test_1261c,candy
test_1261d,candy
test_1262a,candy
test_1262b,candy
test_1262c,candy
test_1262d,candy
test_1263a,candy
test_1263b,candy
test_1263c,candy
test_1263d,candy
test_1264a,candy
test_1264b,candy
test_1264c,candy
test_1264d,candy
test_1265a,candy
test_1265b,candy
test_1265c,candy
test_1265d,candy
test_1266a,candy
test_1266b,candy
test_1266c,candy
test_1266d,candy
test_1267a,candy
test_1267b,candy
test_1267c,candy
test_1267d,candy
test_1268a,candy
test_1268b,candy
test_1268c,candy
test_1268d,candy
test_1269a,candy
test_1269b,candy
test_1269c,candy
test_1269d,candy
test_1270a,candy
test_1270b,candy
test_1270c,candy
test_1270d,candy
test_1271a,candy
test_1271b,candy
test_1271c,candy
test_1271d,candy
test_1272a,candy
test_1272b,candy
test_1272c,candy
test_1272d,candy
test_1273a,candy
test_1273b,candy
test_1273c,candy
test_1273d,candy
test_1274a,candy
test_1274b,candy
test_1274c,candy
test_1274d,candy
test_1275a,candy
test_1275b,candy
test_1275c,candy
test_1275d,candy
test_1276a,candy
test_1276b,candy
test_1276c,candy
test_1276d,candy
test_1277a,candy
test_1277b,candy
test_1277c,candy
test_1277d,candy
test_1278a,candy
test_1278b,candy
test_1278c,candy
test_1278d,candy
test_1279a,candy
test_1279b,candy
test_1279c,candy
test_1279d,candy
test_1280a,candy
test_1280b,candy
test_1280c,candy
test_1280d,candy
test_1281a,candy
test_1281b,candy
test_1281c,candy
test_1281d,candy
test_1282a,candy
test_1282b,candy
test_1282c,candy
test_1282d,candy
test_1283a,candy
test_1283b,candy
test_1283c,candy
test_1283d,candy
test_1284a,candy
test_1284b,candy
test_1284c,candy
test_1284d,candy
test_1285a,candy
test_1285b,candy
test_1285c,candy
test_1285d,candy
test_1286a,candy
test_1286b,candy
test_1286c,candy
test_1286d,candy
test_1287a,candy
test_1287b,candy
test_1287c,candy
test_1287d,candy
test_1288a,candy
test_1288b,candy
test_1288c,candy
test_1288d,candy
test_1289a,candy
test_1289b,candy
test_1289c,candy
test_1289d,candy
test_1290a,candy
test_1290b,candy
test_1290c,candy
test_1290d,candy
test_1291a,candy
test_1291b,candy
test_1291c,candy
test_1291d,candy
test_1292a,candy
test_1292b,candy
test_1292c,candy
test_1292d,candy
test_1293a,candy
test_1293b,candy
test_1293c,candy
test_1293d,candy
test_1294a,candy
test_1294b,candy
test_1294c,candy
test_1294d,candy
test_1295a,candy
test_1295b,candy
test_1295c,candy
test_1295d,candy
test_1296a,candy
test_1296b,candy
test_1296c,candy
test_1296d,candy
test_1297a,candy
test_1297b,candy
test_1297c,candy
test_1297d,candy
test_1298a,candy
test_1298b,candy
test_1298c,candy
test_1298d,candy
test_1299a,candy
test_1299b,candy
test_1299c,candy
test_1299d,candy
test_1300a,candy
test_1300b,candy
test_1300c,candy
test_1300d,candy
test_1301a,candy
test_1301b,candy
test_1301c,candy
test_1301d,candy
test_1302a,candy
test_1302b,candy
test_1302c,candy
test_1302d,candy
test_1303a,candy
test_1303b,candy
test_1303c,candy
test_1303d,candy
test_1304a,candy
test_1304b,candy
test_1304c,candy
test_1304d,candy
test_1305a,candy
test_1305b,candy
test_1305c,candy
test_1305d,candy
test_1306a,candy
test_1306b,candy
test_1306c,candy
test_1306d,candy
test_1307a,candy
test_1307b,candy
test_1307c,candy
test_1307d,candy
test_1308a,candy
test_1308b,candy
test_1308c,candy
test_1308d,candy
test_1309a,candy
test_1309b,candy
test_1309c,candy
test_1309d,candy
test_1310a,candy
test_1310b,candy
test_1310c,candy
test_1310d,candy
test_1311a,candy
test_1311b,candy
test_1311c,candy
test_1311d,candy
test_1312a,candy
test_1312b,candy
test_1312c,candy
test_1312d,candy
test_1313a,candy
test_1313b,candy
test_1313c,candy
test_1313d,candy
test_1314a,candy
test_1314b,candy
test_1314c,candy
test_1314d,candy
test_1315a,candy
test_1315b,candy
test_1315c,candy
test_1315d,candy
test_1316a,candy
test_1316b,candy
test_1316c,candy
test_1316d,candy
test_1317a,candy
test_1317b,candy
test_1317c,candy
test_1317d,candy
test_1318a,candy
test_1318b,candy
test_1318c,candy
test_1318d,candy
test_1319a,candy
test_1319b,candy
test_1319c,candy
test_1319d,candy
test_1320a,candy
test_1320b,candy
test_1320c,candy
test_1320d,candy
test_1321a,candy
test_1321b,candy
test_1321c,candy
test_1321d,candy
test_1322a,candy
test_1322b,candy
test_1322c,candy
test_1322d,candy
test_1323a,candy
test_1323b,candy
test_1323c,candy
test_1323d,candy
test_1324a,candy
test_1324b,candy
test_1324c,candy
test_1324d,candy
test_1325a,candy
test_1325b,candy
test_1325c,candy
test_1325d,candy
test_1326a,candy
test_1326b,candy
test_1326c,candy
test_1326d,candy
test_1327a,candy
test_1327b,candy
test_1327c,candy
test_1327d,candy
test_1328a,candy
test_1328b,candy
test_1328c,candy
test_1328d,candy
test_1329a,candy
test_1329b,candy
test_1329c,candy
test_1329d,candy
test_1330a,candy
test_1330b,candy
test_1330c,candy
test_1330d,candy
test_1331a,candy
test_1331b,candy
test_1331c,candy
test_1331d,candy
test_1332a,candy
test_1332b,candy
test_1332c,candy
test_1332d,candy
test_1333a,candy
test_1333b,candy
test_1333c,candy
test_1333d,candy
test_1334a,candy
test_1334b,candy
test_1334c,candy
test_1334d,candy
test_1335a,candy
test_1335b,candy
test_1335c,candy
test_1335d,candy
test_1336a,candy
test_1336b,candy
test_1336c,candy
test_1336d,candy
test_1337a,candy
test_1337b,candy
test_1337c,candy
test_1337d,candy
test_1338a,candy
test_1338b,candy
test_1338c,candy
test_1338d,candy
test_1339a,candy
test_1339b,candy
test_1339c,candy
test_1339d,candy
test_1340a,candy
test_1340b,candy
test_1340c,candy
test_1340d,candy
test_1341a,candy
test_1341b,candy
test_1341c,candy
test_1341d,candy
test_1342a,candy
test_1342b,candy
test_1342c,candy
test_1342d,candy
test_1343a,candy
test_1343b,candy
test_1343c,candy
test_1343d,candy
test_1344a,candy
test_1344b,candy
test_1344c,candy
test_1344d,candy
test_1345a,candy
test_1345b,candy
test_1345c,candy
test_1345d,candy
test_1346a,candy
test_1346b,candy
test_1346c,candy
test_1346d,candy
test_1347a,candy
test_1347b,candy
test_1347c,candy
test_1347d,candy
test_1348a,candy
test_1348b,candy
test_1348c,candy
test_1348d,candy
test_1349a,candy
test_1349b,candy
test_1349c,candy
test_1349d,candy
test_1350a,candy
test_1350b,candy
test_1350c,candy
test_1350d,candy
test_1351a,candy
test_1351b,candy
test_1351c,candy
test_1351d,candy
test_1352a,candy
test_1352b,candy
test_1352c,candy
test_1352d,candy
test_1353a,candy
test_1353b,candy
test_1353c,candy
test_1353d,candy
test_1354a,candy
test_1354b,candy
test_1354c,candy
test_1354d,candy
test_1355a,candy
test_1355b,candy
test_1355c,candy
test_1355d,candy
test_1356a,candy
test_1356b,candy
test_1356c,candy
test_1356d,candy
test_1357a,candy
test_1357b,candy
test_1357c,candy
test_1357d,candy
test_1358a,candy
test_1358b,candy
test_1358c,candy
test_1358d,candy
test_1359a,candy
test_1359b,candy
test_1359c,candy
test_1359d,candy
test_1360a,candy
test_1360b,candy
test_1360c,candy
test_1360d,candy
test_1361a,candy
test_1361b,candy
test_1361c,candy
test_1361d,candy
test_1362a,candy
test_1362b,candy
test_1362c,candy
test_1362d,candy
test_1363a,candy
test_1363b,candy
test_1363c,candy
test_1363d,candy
test_1364a,candy
test_1364b,candy
test_1364c,candy
test_1364d,candy
test_1365a,candy
test_1365b,candy
test_1365c,candy
test_1365d,candy
test_1366a,candy
test_1366b,candy
test_1366c,candy
test_1366d,candy
test_1367a,candy
test_1367b,candy
test_1367c,candy
test_1367d,candy
test_1368a,candy
test_1368b,candy
test_1368c,candy
test_1368d,candy
test_1369a,candy
test_1369b,candy
test_1369c,candy
test_1369d,candy
test_1370a,candy
test_1370b,candy
test_1370c,candy
test_1370d,candy
test_1371a,candy
test_1371b,candy
test_1371c,candy
test_1371d,candy
test_1372a,candy
test_1372b,candy
test_1372c,candy
test_1372d,candy
test_1373a,candy
test_1373b,candy
test_1373c,candy
test_1373d,candy
test_1374a,candy
test_1374b,candy
test_1374c,candy
test_1374d,candy
test_1375a,candy
test_1375b,candy
test_1375c,candy
test_1375d,candy
test_1376a,candy
test_1376b,candy
test_1376c,candy
test_1376d,candy
test_1377a,candy
test_1377b,candy
test_1377c,candy
test_1377d,candy
test_1378a,candy
test_1378b,candy
test_1378c,candy
test_1378d,candy
test_1379a,candy
test_1379b,candy
test_1379c,candy
test_1379d,candy
test_1380a,candy
test_1380b,candy
test_1380c,candy
test_1380d,candy
test_1381a,candy
test_1381b,candy
test_1381c,candy
test_1381d,candy
test_1382a,candy
test_1382b,candy
test_1382c,candy
test_1382d,candy
test_1383a,candy
test_1383b,candy
test_1383c,candy
test_1383d,candy
test_1384a,candy
test_1384b,candy
test_1384c,candy
test_1384d,candy
test_1385a,candy
test_1385b,candy
test_1385c,candy
test_1385d,candy
test_1386a,candy
test_1386b,candy
test_1386c,candy
test_1386d,candy
test_1387a,candy
test_1387b,candy
test_1387c,candy
test_1387d,candy
test_1388a,candy
test_1388b,candy
test_1388c,candy
test_1388d,candy
test_1389a,candy
test_1389b,candy
test_1389c,candy
test_1389d,candy
test_1390a,candy
test_1390b,candy
test_1390c,candy
test_1390d,candy
test_1391a,candy
test_1391b,candy
test_1391c,candy
test_1391d,candy
test_1392a,candy
test_1392b,candy
test_1392c,candy
test_1392d,candy
test_1393a,candy
test_1393b,candy
test_1393c,candy
test_1393d,candy
test_1394a,candy
test_1394b,candy
test_1394c,candy
test_1394d,candy
test_1395a,candy
test_1395b,candy
test_1395c,candy
test_1395d,candy
test_1396a,candy
test_1396b,candy
test_1396c,candy
test_1396d,candy
test_1397a,candy
test_1397b,candy
test_1397c,candy
test_1397d,candy
test_1398a,candy
test_1398b,candy
test_1398c,candy
test_1398d,candy
test_1399a,candy
test_1399b,candy
test_1399c,candy
test_1399d,candy
test_1400a,candy
test_1400b,candy
test_1400c,candy
test_1400d,candy
test_1401a,candy
test_1401b,candy
test_1401c,candy
test_1401d,candy
test_1402a,candy
test_1402b,candy
test_1402c,candy
test_1402d,candy
test_1403a,candy
test_1403b,candy
test_1403c,candy
test_1403d,candy
test_1404a,candy
test_1404b,candy
test_1404c,candy
test_1404d,candy
test_1405a,candy
test_1405b,candy
test_1405c,candy
test_1405d,candy
test_1406a,candy
test_1406b,candy
test_1406c,candy
test_1406d,candy
test_1407a,candy
test_1407b,candy
test_1407c,candy
test_1407d,candy
test_1408a,candy
test_1408b,candy
test_1408c,candy
test_1408d,candy
test_1409a,candy
test_1409b,candy
test_1409c,candy
test_1409d,candy
test_1410a,candy
test_1410b,candy
test_1410c,candy
test_1410d,candy
test_1411a,candy
test_1411b,candy
test_1411c,candy
test_1411d,candy
test_1412a,candy
test_1412b,candy
test_1412c,candy
test_1412d,candy
test_1413a,candy
test_1413b,candy
test_1413c,candy
test_1413d,candy
test_1414a,candy
test_1414b,candy
test_1414c,candy
test_1414d,candy
test_1415a,candy
test_1415b,candy
test_1415c,candy
test_1415d,candy
test_1416a,candy
test_1416b,candy
test_1416c,candy
test_1416d,candy
test_1417a,candy
test_1417b,candy
test_1417c,candy
test_1417d,candy
test_1418a,candy
test_1418b,candy
test_1418c,candy
test_1418d,candy
test_1419a,candy
test_1419b,candy
test_1419c,candy
test_1419d,candy
test_1420a,candy
test_1420b,candy
test_1420c,candy
test_1420d,candy
test_1421a,candy
test_1421b,candy
test_1421c,candy
test_1421d,candy
test_1422a,candy
test_1422b,candy
test_1422c,candy
test_1422d,candy
test_1423a,candy
test_1423b,candy
test_1423c,candy
test_1423d,candy
test_1424a,candy
test_1424b,candy
test_1424c,candy
test_1424d,candy
test_1425a,candy
test_1425b,candy
test_1425c,candy
test_1425d,candy
test_1426a,candy
test_1426b,candy
test_1426c,candy
test_1426d,candy
test_1427a,candy
test_1427b,candy
test_1427c,candy
test_1427d,candy
test_1428a,candy
test_1428b,candy
test_1428c,candy
test_1428d,candy
test_1429a,candy
test_1429b,candy
test_1429c,candy
test_1429d,candy
test_1430a,candy
test_1430b,candy
test_1430c,candy
test_1430d,candy
test_1431a,candy
test_1431b,candy
test_1431c,candy
test_1431d,candy
test_1432a,candy
test_1432b,candy
test_1432c,candy
test_1432d,candy
